Workbook

Sheet ⚙ Configuración
B1: 🏃 Configuración del Sprint
B2: Completa estos datos antes de comenzar el sprint
B3: 📋 Datos del Sprint
B4: Nombre del proyecto | C4: PubTube | D4: Ej: PubTube
B5: Número de sprint | C5: 1 | D5: Ej: 1, 2, 3...
B6: Equipo / Módulo | C6: Equipo C — M3 Publicación | D6: Ej: Equipo A
B7: Fecha de inicio | C7: 46265 | D7: DD/MM/AAAA
B8: Fecha de cierre (Review) | C8: 46282 | D8: DD/MM/AAAA
B9: Duración (sesiones Lun/Jue) | C9: 6 | D9: Sesiones de trabajo
B10: Story Points comprometidos (total) | C10: ='📋 Sprint 1 - Backlog'!E27 -> 28 | D10: SP del Sprint Backlog
B11: Velocidad sprint anterior | C11: 0 | D11: SP completados sprint previo
B12: Número de integrantes | C12: 5 | D12: Personas en el equipo
B13: 🎯 Definition of Done (DoD)
B14: ✔ Código revisado por al menos un par (Code Review)
B15: ✔ Pruebas unitarias/integración escritas y pasando (cobertura ≥ 70%)
B16: ✔ Desplegable con docker compose y demostrable en el Review
B17: 📌 Notas del Sprint
B18: Escribe aquí los acuerdos e impedimentos del Sprint Planning...

Sheet 📋 Sprint 1 - Backlog
B1: 📋 Sprint Backlog
B2: Agrega/edita las User Stories del sprint. 'SP Completados' y 'Estado' se actualizan durante el sprint.
B3: ID | C3: User Story / Tarea | D3: Responsable | E3: SP Estimados | F3: SP Completados | G3: Estado | H3: Prioridad
B4: TECH-C1 | C4: Configuración OAuth 2.0 Google (proyecto + credenciales) | D4: Nahuel | E4: 5 | F4: 5 | G4: Done | H4: Alta
B5: TECH-C2 | C5: Modelo de datos publication + migraciones | D5: Nahuel | E5: 3 | F5: 3 | G5: Done | H5: Alta
B6: TECH-C3 | C6: Esqueleto del servicio + Dockerfile | D6: Nahuel | E6: 3 | F6: 3 | G6: Done | H6: Media
B7: TECH-01 | C7: Repo Git: ROLES.md, README, .env.example, CI base | D7: Alonso | E7: 2 | F7: 2 | G7: Done | H7: Alta
B8: TECH-C4.1 | C8: Definición de interfaz base: Crear una interfaz o clase abstracta Publisher que defina el contrato base | D8: Nahuel | E8: 0.5 | F8: 0.5 | G8: Done | H8: Media
B9: TECH-C4.2 | C9: Implementación del Mock: Crear la clase MockPublisher que implemente la interfaz | D9: Hector | E9: 1 | F9: 1 | G9: Done | H9: Alta
B10: TECH-C4.3 | C10: Configuración de entorno (Feature Flag): Agregar una variable de entorno | D10: Francisco | E10: 0.5 | F10: 0.5 | G10: Done | H10: Alta
B11: TECH-C4.4 | C11: Pruebas unitarias: Crear tests unitarios para verificar que el mock respeta el contrato | D11: Hector | E11: 0.5 | F11: 0.5 | G11: Done | H11: Alta
B12: TECH-C4.5 | C12: Pruebas unitarias: Crear tests unitarios para verificar que el mock emite los eventos correctos | D12: Hector | E12: 0.5 | F12: 0 | G12: Done | H12: Alta
B13: TECH-C1.1 | C13: Modelo de Base de Datos: Crear la tabla publication en PostgreSQL con los campos requeridos | D13: Francisco | E13: 1 | F13: 1 | G13: Done | H13: Media
B14: TECH-C1.2 | C14: Endpoint REST: Implementar el endpoint POST /api/publish/schedule que reciba el payload | D14: Francisco | E14: 1 | F14: 1 | G14: Done | H14: Alta
B15: TECH-C1.3 | C15: Validaciones de Dominio: Implementar la lógica para validar que sea una fecha futura | D15: Hector | E15: 0.5 | F15: 0.5 | G15: Done | H15: Media
... B26: TECH-C2.6 | C26: Pruebas de integración: Escribir pruebas para probar el reinicio del sistema | D26: Nahuel | E26: 1 | F26: 0 | G26: ⏳ To Do | H26: Alta
B27: TOTAL SP DEL SPRINT | E27: =SUM(E4:E26) -> 28 | F27: =SUM(F4:F11) -> 15.5 | G27: =IFERROR(F27/E27,0) -> 0.55357143

Sheet 🔄 Retrospectiva - Sprint 1
C1: 🔄 Retrospectiva del Sprint
C2: Completa al finalizar el Sprint Review (formato Keep / Drop / Try)
C3: ✅ KEEP — Lo que funcionó bien
C4: • El uso de nomenclatura actual para el nombramiento de variables
C5: • La comunicacion dentro del modulo ha sido fluida
C6: •
C8: ❌ DROP — Lo que hay que dejar de hacer
C9: • Hay que dejar de hacer test genericos para asegurar la compilacion del sistema
C10: • Hay que trabajar a un ritmo mas continuo, evitando dejar tareas importantes a ultima hora
C11: •
C13: 🚀 TRY — Lo que queremos intentar
C14: • Hay que intentar mejorar la comunicacion entre modulos
... C18: 📌 Acciones Concretas para el Próximo Sprint
C19: Acción | D19: Responsable | E19: Fecha límite
C20: Establecer como regla en los Code Reviews rechazar cualquier Pull Request que no incluya pruebas unitarias reales que validen la lógica de dominio | D20: Equipo de desarrolladores
C21: Dividir las Historias de Usuario (ej. US-C2 del scheduler) en subtareas de máximo 1-2 días durante el Planning y asignarlas equitativamente. | D21: PO del sprint 2
C22: Actualizar el Burndown de forma estricta después de cada Daily Standup para detectar visualmente si el trabajo se está acumulando para el final. | D22: SM del sprint 2

Sheet 📋Sprint 2 - Backlog
B1: 📋 Sprint Backlog
B2: Agrega/edita las User Stories del sprint. 'SP Completados' y 'Estado' se actualizan durante el sprint.
B3: ID | C3: User Story / Tarea | D3: Responsable | E3: SP Estimados | F3: SP Completados | G3: Estado | H3: Prioridad
B4: US-C2.1 | C4: Verificar en PostgreSQL lo construido en S1: job store, registro y handler (incluye 2.2 y 2.3) | D4: Christian | E4: 1 | F4: 1 | G4: ⏳ To Do | H4: Alta
B5: US-C2.4 | C5: Servicio interno para cancelar y reprogramar jobs | D5: Christian | E5: 1 | F5: 1 | G5: ⏳ To Do | H5: Alta
B6: US-C2.5 | C6: Reconciliación al arranque (vencidos, atascados, huérfanos) + ADR-0004 (incluye 2.6) | D6: Christian | E6: 3 | F6: 3 | G6: ⏳ To Do | H6: Alta
B7: US-C2.7 | C7: Pruebas de integración con testcontainers + ensayo de demo de reinicio (incluye 2.8) | D7: Christian | E7: 3 | F7: 3 | G7: ⏳ To Do | H7: Alta
B8: US-C5.1 | C8: Clasificar errores: transitorio, diferible (cuota) o definitivo | D8: Francisco | E8: 1 | F8: 1 | G8: ⏳ To Do | H8: Alta
B9: US-C5.2 | C9: ADR-0005 y política de reintentos configurable por .env | D9: Alonso | E9: 1 | F9: 1 | G9: ⏳ To Do | H9: Alta
B10: US-C5.3 | C10: Reintento vía reprogramación del job + publish.failed con causa (incluye 5.5) | D10: Francisco | E10: 3 | F10: 3 | G10: ⏳ To Do | H10: Alta
B11: US-C5.4 | C11: Extender el mock con fallas transitorias controlables | D11: Francisco y Alonso | E11: 1 | F11: 1 | G11: ⏳ To Do | H11: Alta
B12: US-C5.6 | C12: Pruebas de escenarios de error y del contrato del evento | D12: Alonso | E12: 2 | F12: 2 | G12: ⏳ To Do | H12: Alta
B13: US-C6.1 | C13: STRETCH (2 SP, fuera del compromiso) · Pasar todos los cambios de estado por la matriz (incluye 6.3) | D13: Christian, Francisco y Alonso | G13: ⏳ To Do | H13: Baja
B14: US-C6.2 | C14: STRETCH (1 SP, fuera del compromiso) · Pruebas exhaustivas de transiciones válidas e inválidas | D14: Christian, Francisco y Alonso | G14: ⏳ To Do | H14: Baja
B30: TOTAL SP DEL SPRINT | E30: =SUM(E4:E29) -> 16 | F30: =SUM(F4:F14) -> 16 | G30: =IFERROR(F30/E30,0) -> 1

Sheet 📉 Burndown - Sprint 2
B1: 📉 Burndown Chart — Seguimiento por Sesión (Lun/Jue)
B2: Actualiza 'SP Completados Hoy' al final de cada Daily (lunes y jueves).
B3: Sesión | C3: Fecha | D3: SP Restantes (Ideal) | E3: SP Completados Hoy | F3: SP Acumulados | G3: SP Restantes (Real)
B4: 1 | C4: 46286 | D4: =16*(6-B4)/5 -> 16 | E4: 1 | F4: =SUM($E$4:E4) -> 1 | G4: =16-F4 -> 15
B5: 2 | C5: 46289 | D5: =16*(6-B5)/5 -> 12.8 | E5: 2 | F5: =SUM($E$4:E5) -> 3 | G5: =16-F5 -> 13
B6: 3 | C6: 46293 | D6: =16*(6-B6)/5 -> 9.6 | E6: 3 | F6: =SUM($E$4:E6) -> 6 | G6: =16-F6 -> 10
B7: 4 | C7: 46296 | D7: =16*(6-B7)/5 -> 6.4 | E7: 2 | F7: =SUM($E$4:E7) -> 8 | G7: =16-F7 -> 8
B8: 5 | C8: 46300 | D8: =16*(6-B8)/5 -> 3.2 | E8: 3 | F8: =SUM($E$4:E8) -> 11 | G8: =16-F8 -> 5
B9: 6 | C9: 46303 | D9: ='⚙ Configuración'!$C$10*(6-B9)/5 -> 0 | E9: 5 | F9: =SUM($E$4:E9) -> 16 | G9: =16-F9 -> 0

Sheet 🔄 Retrospectiva - Sprint 2
C1: 🔄 Retrospectiva del Sprint
C2: Completa al finalizar el Sprint Review (formato Keep / Drop / Try)
C3: ✅ KEEP — Lo que funcionó bien
C4: • Escribe aquí un aspecto positivo del sprint...
C5: • ...
C6: • ...
C8: ❌ DROP — Lo que hay que dejar de hacer
C9: • Escribe aquí una práctica a eliminar...
C10: • ...
C11: • ...
C13: 🚀 TRY — Lo que queremos intentar
C14: • Escribe aquí una nueva práctica a probar...
... C18: 📌 Acciones Concretas para el Próximo Sprint
C19: Acción | D19: Responsable | E19: Fecha límite

Sheet 📉 Burndown
B1: 📉 Burndown Chart — Seguimiento por Sesión (Lun/Jue)
B2: Actualiza 'SP Completados Hoy' al final de cada Daily (lunes y jueves).
B3: Sesión | C3: Fecha | D3: SP Restantes (Ideal) | E3: SP Completados Hoy | F3: SP Acumulados | G3: SP Restantes (Real)
B4: 1 | C4: 31/08/26 | D4: ='⚙ Configuración'!$C$10*(6-B4)/5 -> 28 | E4: 0 | F4: =SUM($E$4:E4) -> 0 | G4: ='⚙ Configuración'!$C$10-F4 -> 28
B5: 2 | C5: 03/09/26 | D5: ='⚙ Configuración'!$C$10*(6-B5)/5 -> 22.4 | F5: =SUM($E$4:E5) -> 0 | G5: ='⚙ Configuración'!$C$10-F5 -> 28
B6: 3 | C6: 07/09/26 | D6: ='⚙ Configuración'!$C$10*(6-B6)/5 -> 16.8 | F6: =SUM($E$4:E6) -> 0 | G6: ='⚙ Configuración'!$C$10-F6 -> 28
B7: 4 | C7: 10/09/26 | D7: ='⚙ Configuración'!$C$10*(6-B7)/5 -> 11.2 | F7: =SUM($E$4:E7) -> 0 | G7: ='⚙ Configuración'!$C$10-F7 -> 28
B8: 5 | C8: 14/09/26 | D8: ='⚙ Configuración'!$C$10*(6-B8)/5 -> 5.6 | F8: =SUM($E$4:E8) -> 0 | G8: ='⚙ Configuración'!$C$10-F8 -> 28
B9: 6 | C9: 17/09/26 | D9: ='⚙ Configuración'!$C$10*(6-B9)/5 -> 0 | F9: =SUM($E$4:E9) -> 0 | G9: ='⚙ Configuración'!$C$10-F9 -> 28

Sheet 🔄 Retrospectiva
C1: 🔄 Retrospectiva del Sprint
C2: Completa al finalizar el Sprint Review (formato Keep / Drop / Try)
C3: ✅ KEEP — Lo que funcionó bien
C4: • Escribe aquí un aspecto positivo del sprint...
C5: • ...
C6: • ...
C8: ❌ DROP — Lo que hay que dejar de hacer
C9: • Escribe aquí una práctica a eliminar...
C10: • ...
C11: • ...
C13: 🚀 TRY — Lo que queremos intentar
C14: • Escribe aquí una nueva práctica a probar...
... C18: 📌 Acciones Concretas para el Próximo Sprint
C19: Acción | D19: Responsable | E19: Fecha límite

Sheet 📊 Métricas
B1: 📊 Métricas del Sprint
B2: Estas métricas se calculan automáticamente desde el Backlog y la Configuración | E2: Sprint 01
B3: 🎯 Progreso del Sprint
B4: SP comprometidos | C4: ='📋 Sprint 1 - Backlog'!E27 -> 28 | D4: Total de SP del Sprint Backlog | E4: 29
B5: SP completados | C5: ='📋 Sprint 1 - Backlog'!F27 -> 15.5 | D5: SP en estado Done hasta hoy | E5: 13
B6: SP restantes | C6: ='📋 Sprint 1 - Backlog'!E27-'📋 Sprint 1 - Backlog'!F27 -> 12.5 | D6: SP que aún deben completarse | E6: 16
B7: % completado | C7: =IFERROR('📋 Sprint 1 - Backlog'!F27/'📋 Sprint 1 - Backlog'!E27,0) -> 0.55357143 | D7: Avance real del sprint | E7: 0.448
B8: Historias Done | C8: =COUNTIF('📋 Sprint 1 - Backlog'!G4:G11,"✅ Done") -> 0 | D8: Historias completadas | E8: 2
B9: Historias en progreso | C9: =COUNTIF('📋 Sprint 1 - Backlog'!G4:G11,"🔄 In Progress") -> 0 | D9: En desarrollo activo | E9: 1
B10: ⚡ Velocidad y Predicción
B11: Velocidad sprint actual (real) | C11: ='📋 Sprint 1 - Backlog'!F27 -> 15.5 | D11: SP completados en este sprint | E11: 13
B12: Velocidad sprint anterior | C12: ='⚙ Configuración'!C11 -> 0 | D12: SP completados en sprint previo | E12: 0
B13: Variación de velocidad | C13: ='📋 Sprint 1 - Backlog'!F27-'⚙ Configuración'!C11 -> 15.5 | D13: Positivo = mejora respecto al anterior | E13: 13+
B14: SP/persona/sprint | C14: =IFERROR('📋 Sprint 1 - Backlog'!F27/'⚙ Configuración'!C12,0) -> 3.1 | D14: Productividad promedio del equipo | E14: 3.25
B15: SP/persona/sesión | C15: =IFERROR('📋 Sprint 1 - Backlog'!F27/('⚙ Configuración'!C12*'⚙ Configuración'!C9),0) -> 0.51666667 | D15: Ritmo por sesión del equipo | E15: 0.54
B16: 🏥 Salud del Sprint
B17: Sesiones transcurridas | C17: 0 | D17: Actualizar manualmente cada sesión | E17: 5
B18: Sesiones restantes | C18: ='⚙ Configuración'!C9-C17 -> 6 | D18: Sesiones hasta el Sprint Review | E18: 1
B19: SP/sesión requerido | C19: =IF(C18<=0,"Sprint terminado",('📋 Sprint 1 - Backlog'!E27-'📋 Sprint 1 - Backlog'!F27)/C18) -> 2.0833333 | D19: Ritmo necesario para completar el sprint | E19: 16
B20: SP/sesión logrado | C20: =IF(C17=0,0,'📋 Sprint 1 - Backlog'!F27/C17) -> 0 | D20: Ritmo real del equipo | E20: 2.6
B21: Índice de rendimiento (SPI) | C21: =IF(C17=0,1,C20/IFERROR(('⚙ Configuración'!C10/'⚙ Configuración'!C9),1)) -> 1 | D21: SPI >1 = adelantado | SPI <1 = atrasado | E21: 0.56
B22: Interpretación del SPI (Schedule Performance Index):
B23: SPI > 1.1 | C23: Equipo adelantado — considerar asumir trabajo extra (backlog stretch)
B24: SPI 0.9 – 1.1 | C24: Equipo dentro del ritmo esperado ✓
B25: SPI 0.7 – 0.9 | C25: Leve atraso — revisar impedimentos en la Daily
B26: SPI < 0.7 | C26: Atraso crítico — replanificar el sprint con el PO
